cv,lcv,rcv,SceneName
1.65555507417919,1.69333478547776,1.61777536288062,CaveStage

cv,lcv,rcv,SceneName
1.0738708227117,1.08714569818013,1.06059594724327,CaveStage

cv,lcv,rcv,SceneName
0.961936675101353,0.957229435737372,0.966643914465334,RiverStage


