cv,lcv,rcv,SceneName,StepsAmount
0.885362303319249,0.878937789354176,0.891786817284323,CaveStage,112

